userId,courseId,rating,difficulty,comments,interactive
98,175,4,Medium,Field later Congress.,No
117,142,2,Medium,Identify which data second fly someone.,Yes
7,195,5,Hard,Result need boy hour middle no.,No
5,157,1,Hard,Task level image identify.,Yes
51,183,5,Hard,Week concern artist matter write cup.,No
4,101,3,Hard,Thing sense also power increase.,No
71,253,1,Easy,Environment where family beyond best.,Yes
40,7,1,Easy,Cell establish education lay country.,No
13,43,5,Hard,South participant skill interesting himself.,Yes
197,263,5,Easy,Energy those market avoid far able.,No
98,99,4,Medium,Agency and all call million.,Yes
183,96,3,Medium,Form road age professional newspaper win feel.,Yes
42,161,1,Hard,Artist they eat speak.,No
172,23,3,Medium,Try evidence half still.,Yes
36,278,3,Hard,Hot student ball better wonder none party.,No
111,32,3,Medium,Seek wind program almost morning magazine enjoy.,Yes
42,222,3,Medium,Weight seat card thus.,No
107,124,2,Hard,Cover red fight opportunity.,No
122,21,2,Medium,Trip wife drop argue offer.,Yes
49,143,3,Medium,Approach sort election attorney.,No
65,13,5,Medium,Religious consumer live.,Yes
40,59,3,Easy,Short under prevent list.,No
91,141,1,Easy,You its provide represent.,Yes
177,137,1,Easy,Sign need economic level age wear.,No
43,254,4,Easy,Task tax think center mean consider they.,No
104,130,4,Hard,Officer understand item election often well.,No
174,175,1,Hard,Indeed thousand cell around.,Yes
82,106,3,Hard,Understand decision door thousand scientist.,Yes
27,43,1,Easy,Speech until west past fly administration.,Yes
30,158,4,Hard,American season morning occur.,Yes
104,254,2,Hard,Here see center analysis education.,No
134,197,5,Hard,Staff wind wind city region.,Yes
199,65,4,Hard,Civil not green better little majority itself blood.,Yes
71,108,2,Hard,Street young picture.,Yes
168,154,2,Hard,Either accept seven stand case.,Yes
49,167,4,Easy,Enjoy per into employee.,No
45,218,2,Easy,Coach party significant dinner foot.,No
177,83,4,Medium,Baby study actually quality outside pressure.,No
72,189,3,Easy,Call finish view case author.,Yes
165,109,3,Medium,Citizen president wonder manage reality key receive however.,No
37,11,3,Easy,Spring start address theory.,Yes
84,202,3,Medium,Of involve nation election certainly production after talk.,Yes
31,300,3,Hard,Pressure range may even in last skin.,No
66,149,5,Hard,Store possible heart middle offer court.,Yes
30,162,2,Medium,Air hand develop guess other ground vote.,No
13,215,1,Medium,Cut record other tend.,Yes
115,93,4,Hard,Sort seek third network.,Yes
57,1,1,Hard,Six cold nor involve involve term.,No
54,143,2,Easy,Physical car crime decade call.,Yes
40,277,5,Easy,Black form color under ever once.,Yes
198,286,5,Easy,Tree serious every food capital Democrat southern.,Yes
147,41,4,Easy,Particularly career affect brother painting something.,Yes
171,294,4,Easy,Young board issue collection simple.,Yes
176,43,1,Medium,We budget use yeah teacher their hour.,Yes
79,249,2,Easy,Prevent maintain and.,Yes
5,289,1,Easy,Able box go traditional way natural.,Yes
34,150,4,Easy,Whatever tax manage space whether town to.,No
98,259,2,Medium,Herself trade make read its standard model.,Yes
131,231,4,Hard,Reason arrive trouble office measure guess so.,Yes
198,214,1,Easy,Make try husband you significant personal character.,No
186,192,5,Hard,Mind safe fill she bag population law.,No
128,295,2,Easy,Three several road family well.,Yes
177,14,3,Medium,Sea wait note above second reality past.,No
135,228,2,Medium,Interesting point hit clearly director campaign drive.,No
139,273,1,Easy,Suffer skill democratic difference.,Yes
152,159,2,Hard,Could also north character carry race group.,Yes
133,254,5,Medium,Book popular teach make sport state stay most.,Yes
194,196,3,Medium,End team forget newspaper.,Yes
165,142,2,Hard,Child edge friend garden whom.,No
25,125,1,Hard,May second body common full discussion nor time.,No
120,102,2,Easy,Per ready defense health range consumer fear.,No
173,279,2,Medium,Region pick pattern.,Yes
121,60,5,Medium,Go learn certainly agent difficult cultural direction.,Yes
157,103,3,Easy,Degree down tree owner.,Yes
11,170,3,Easy,Already beyond together wrong performance among nature.,Yes
61,203,4,Hard,Among argue also woman say today half create.,No
180,268,1,Easy,Education sport cultural.,Yes
112,91,2,Medium,Radio bad continue scientist then president base.,Yes
54,66,2,Medium,First short current pass.,No
175,293,2,Easy,Plan sport model standard gun per player cultural.,No
110,24,1,Medium,Plan week hand.,No
90,59,4,Medium,Agent PM as big light hospital.,No
23,210,1,Hard,Include surface computer score hot body local.,Yes
193,91,1,Easy,Cost company himself above purpose none white.,No
25,232,3,Easy,Use pick any foot according team.,No
79,216,4,Hard,News reflect leader pay finally force information.,Yes
14,61,1,Hard,Simple glass ask.,No
130,82,4,Hard,Suffer direction blue agree authority senior.,No
28,237,4,Medium,Letter them tend analysis make debate.,No
174,191,2,Hard,Across instead skill.,Yes
10,180,2,Hard,Charge middle fund identify much yet.,Yes
28,289,5,Easy,Animal particular range choose teach financial current pretty.,Yes
139,147,5,Medium,Weight pressure discuss you policy leg foot.,Yes
178,180,3,Easy,Buy color owner.,Yes
179,209,3,Hard,Debate prove wrong science society describe institution.,Yes
36,23,2,Hard,Main most bag risk near woman.,Yes
45,291,4,Easy,Common one common house artist so.,No
189,10,3,Hard,Style clear whatever.,No
31,220,4,Medium,East for deep attorney opportunity another PM none.,No
153,203,3,Hard,Must pull hour important.,No
104,261,2,Hard,Billion tax the story almost TV.,No
44,111,1,Hard,Her service per whose movement.,No
104,140,3,Medium,Tonight plant eye lot study before.,Yes
81,10,4,Medium,Almost number however remember person impact.,No
1,249,3,Easy,Area read describe present economy loss party.,Yes
163,157,2,Medium,Course center near able performance strategy site.,Yes
128,187,4,Hard,Others happy leg full then.,No
105,35,2,Easy,Perhaps skill nearly seem campaign article.,No
44,27,3,Medium,Major knowledge argue foreign field hard people.,Yes
160,5,1,Medium,South where design very maintain.,No
140,261,1,Easy,Economic blue per yes pressure focus.,Yes
187,106,5,Medium,Life discussion wish expect.,No
24,280,4,Easy,Kid if answer old up hair.,No
12,110,5,Hard,With difficult trip and.,No
168,153,3,Medium,Begin fall big hot back.,Yes
96,70,5,Hard,Thus information event short ahead.,No
125,68,5,Hard,Rich sound continue song democratic kind three.,Yes
94,294,2,Hard,Arrive skin article really.,Yes
26,51,5,Medium,Seat early PM follow go.,Yes
140,12,2,Hard,Stage traditional accept usually.,Yes
17,7,1,Hard,Follow present theory doctor plan.,No
157,213,2,Hard,Until decide change able amount out coach.,Yes
195,163,5,Easy,Hand against now wife produce.,Yes
101,120,4,Hard,No fight provide field speak individual air.,No
56,92,5,Medium,Participant often never western fill near.,No
21,36,1,Medium,Girl friend health game old end not onto.,Yes
98,247,4,Easy,Significant threat forget according participant way.,No
52,234,2,Medium,Human trade miss realize hold.,No
134,238,1,Medium,See music kid everybody kitchen deep.,No
176,175,2,Hard,Dark back wall church phone arrive.,No
195,175,5,Hard,Operation region grow floor month seem.,No
186,168,1,Easy,Sense for star join bad.,Yes
150,145,2,Hard,Country table western sure.,No
67,189,4,Easy,Look fly reduce source such.,Yes
92,174,3,Hard,Change leader according seek wind hair difference Democrat.,Yes
10,41,3,Hard,Ask minute any morning seem.,Yes
155,208,4,Easy,Inside decide will check.,No
4,209,3,Hard,Cover cut member affect true.,Yes
132,171,4,Hard,Discover explain personal college similar financial lead.,No
27,58,1,Hard,Be painting claim.,No
101,209,5,Easy,Could director budget management style where sort.,No
68,157,3,Medium,Amount race drop eat consider know clearly.,Yes
39,43,5,Medium,Remain small either law financial.,Yes
7,57,3,Medium,Protect ask production once cover.,No
21,162,2,Easy,Notice father determine this.,Yes
128,27,3,Hard,If particularly available often effect however evidence.,Yes
152,262,3,Easy,Turn price put know.,No
42,4,4,Hard,Magazine continue adult threat.,No
100,187,2,Medium,Seem another onto appear.,Yes
148,262,2,Easy,Worry establish evening.,Yes
165,259,3,Hard,American still bag.,Yes
142,77,5,Hard,Opportunity lay teach result same list.,Yes
188,151,3,Hard,Face letter way student play coach.,Yes
31,49,3,Hard,Move property food those.,No
181,265,3,Easy,Good not page main.,Yes
143,20,4,Easy,Wall support leave main.,No
89,202,3,Hard,Prevent ok test approach cover strategy whether.,No
138,147,2,Medium,Team difficult suggest trouble military.,No
96,210,3,Hard,Southern like Democrat stuff law.,No
31,82,3,Easy,Nothing fly court yard pay various consumer.,No
180,71,3,Easy,Seem find face school coach lead.,No
43,230,1,Easy,Theory eat good probably young.,Yes
37,102,3,Easy,Certain dinner feel over statement represent.,No
100,40,3,Medium,Modern attorney model analysis collection own.,Yes
62,141,1,Medium,Beat do my eat.,Yes
110,186,1,Hard,Few size film face candidate.,No
162,117,5,Easy,Able allow couple goal bit run.,Yes
198,150,4,Easy,History professor white time instead defense interesting.,Yes
174,282,1,Medium,Food top kid ready television marriage ten serious.,No
12,173,1,Medium,Dark effort loss similar.,Yes
141,133,1,Medium,Strategy of discussion minute road traditional.,No
172,241,5,Hard,Together when identify design.,Yes
19,75,3,Easy,Gun left heavy activity.,Yes
123,193,1,Easy,Past board option bad peace his case.,No
57,15,5,Hard,Let none call see.,No
127,190,4,Easy,To human this experience recently.,Yes
111,283,2,Medium,Woman at protect involve.,No
31,203,4,Medium,Table less chair however realize.,Yes
186,86,5,Hard,Receive answer sign hospital focus.,Yes
74,162,4,Easy,Especially until enjoy computer more other tough edge.,No
169,192,2,Easy,Because he late bad garden eat.,No
128,238,1,Medium,Wind most after try.,Yes
90,284,3,Easy,Present leader process scene four reality.,No
126,154,2,Hard,Guy event light take part join spend.,No
32,232,5,Easy,Available land data site improve it.,No
56,59,3,Medium,Now between current many special section.,Yes
2,75,4,Medium,Nearly final candidate.,Yes
133,208,1,Medium,Interview American someone blue.,No
7,49,4,Easy,Doctor low stuff drop involve.,No
162,207,4,Medium,Community brother every would thought.,Yes
7,200,3,Easy,Somebody although media position season democratic.,No
135,98,1,Easy,Prevent executive speech feel produce.,No
62,293,4,Medium,Summer employee art break they table.,Yes
31,152,2,Easy,Find fly save notice.,Yes
54,173,3,Medium,Customer anything wait specific toward already remember say.,No
125,234,3,Hard,Decade north president month environment him hold visit.,Yes
80,189,3,Hard,Total base yeah even.,Yes
26,47,3,Hard,Tonight necessary memory animal point offer.,Yes
181,185,3,Easy,Cause important kid once.,No
100,50,5,Medium,Some property safe field.,No
198,244,3,Medium,Hold nation appear month amount.,Yes
163,15,1,Easy,Live she few air now.,No
37,154,1,Medium,Could into toward group she book.,Yes
17,75,3,Easy,Century once specific economy city summer think.,No
135,114,3,Medium,Article western painting second check should.,Yes
155,256,4,Easy,Little western camera half.,No
139,6,5,Hard,Affect occur around recent.,No
197,158,1,Medium,Shake sense father computer.,Yes
146,86,5,Hard,According under imagine floor.,No
151,152,1,Easy,White recent lay step certain.,No
19,100,5,Medium,Let drug clear understand bill order.,No
99,133,2,Easy,Stock smile glass.,Yes
178,80,2,Easy,Money set year charge something even.,No
95,77,2,Easy,Result put serious picture.,No
8,185,2,Easy,Call term imagine play exist.,Yes
88,272,2,Easy,State pattern he specific relate network evidence include.,No
141,242,2,Medium,Appear at nation and science.,Yes
166,194,2,Medium,Particular really nearly similar bank customer.,Yes
180,72,1,Hard,Need trade what compare while.,No
32,281,4,Easy,True hour plan subject nature.,No
159,75,4,Medium,Race maintain action put head after.,Yes
10,7,2,Medium,Boy ability billion.,No
101,187,4,Easy,Return floor appear program.,No
174,300,3,Easy,Big your nor wish.,No
64,280,1,Easy,Expect course choice between tree TV.,Yes
147,94,2,Hard,Wall to list do fall fact.,Yes
134,226,5,Easy,Try politics too six magazine low article thank.,No
90,146,1,Easy,First investment bank.,No
19,154,1,Medium,Child ground group nature gun six late.,No
110,80,3,Medium,Number can executive us establish region.,No
126,32,4,Easy,Himself that skill goal early market test.,Yes
156,95,2,Medium,Recognize model believe mention night.,Yes
95,133,4,Easy,Opportunity interesting me expert.,No
107,258,4,Medium,College experience page.,Yes
113,162,3,Easy,Hotel two within note last pressure coach peace.,Yes
35,47,2,Medium,Theory evening stay health else almost main then.,Yes
66,299,3,Medium,Involve tree they make.,No
161,242,5,Medium,Computer garden choose house to.,Yes
158,161,5,Easy,Painting cup most over author huge.,Yes
168,247,1,Easy,Option sometimes together expect central last early.,Yes
185,55,5,Medium,Agree energy itself size study shoulder treat into.,No
12,181,5,Medium,Tv future money.,Yes
61,67,3,Easy,Want yeah study food political also student.,Yes
69,286,5,Easy,Action suddenly create major board.,Yes
44,148,5,Hard,Phone treatment name give.,No
89,86,2,Easy,Movie compare nature we trip car various.,Yes
175,221,3,Medium,With door born teach.,No
191,44,5,Hard,Speech idea here.,No
193,153,5,Easy,Sure vote participant large Mrs help analysis.,No
102,214,2,Easy,Minute close director want western itself run.,Yes
80,108,4,Medium,Full right well.,No
126,177,1,Hard,Enough ok where win look off.,Yes
4,97,1,Hard,Paper computer field forget.,No
150,54,5,Easy,New suffer interesting range evidence.,Yes
194,14,5,Medium,Together simple program you note language by.,No
190,252,1,Hard,Tree fact item way.,No
60,55,1,Easy,What campaign become note.,Yes
80,218,5,Hard,Woman wait group name land admit.,Yes
66,29,2,Easy,Special single another military.,No
68,223,3,Medium,Series after education pull generation staff.,Yes
17,12,1,Hard,Situation control walk popular economy everyone pick.,No
52,229,5,Easy,Area these above participant black between thousand.,Yes
30,294,1,Hard,Daughter item various when behavior.,Yes
158,286,2,Medium,Before likely while the man act over.,Yes
114,251,4,Hard,Fill ahead society show traditional short health.,Yes
8,155,3,Easy,Question analysis third answer explain interest young.,Yes
77,235,2,Easy,Produce through student meet blue.,Yes
36,1,1,Easy,Return worry assume admit give opportunity.,No
41,214,1,Easy,Style maintain available true deal language yes reality.,No
63,200,2,Medium,Effort despite talk.,Yes
188,122,3,Easy,Class newspaper full write though research.,No
7,300,5,Medium,Dream hair at miss suffer.,Yes
162,200,5,Medium,Executive perform simple.,Yes
126,9,4,Medium,What design church everybody.,No
92,60,2,Medium,Who all then mission all no.,No
193,197,2,Easy,Include remember store guess.,No
91,26,4,Hard,Turn term language much.,No
96,117,1,Easy,Feeling only art.,No
140,117,5,Medium,Send determine dark dinner morning would require.,No
26,64,2,Hard,Deal sign democratic nearly somebody catch social.,No
150,266,5,Medium,Consumer evidence we method continue cost pay myself.,Yes
32,45,4,Easy,Reveal book effort management light discussion.,No
94,15,3,Medium,Pay responsibility no two short itself.,No
103,152,3,Hard,Human exist various point.,No
62,260,2,Hard,Final expect notice speak feeling across assume.,No
88,247,1,Medium,Base dinner similar step.,No
104,296,4,Medium,Him scientist recently all husband capital identify.,No
16,100,3,Medium,Bar oil through draw outside fear.,Yes
185,134,3,Hard,Describe choose board position.,Yes
177,166,2,Easy,Similar investment for unit you bit protect.,No
12,240,2,Medium,Impact appear oil once majority build oil list.,Yes
163,181,2,Medium,Law kitchen standard amount attention international a.,Yes
150,185,2,Medium,Truth white already current.,No
40,250,2,Medium,Drug front one admit where new race degree.,No
9,284,2,Medium,Boy activity once himself.,No
147,252,1,Medium,Per occur blue.,No
190,30,5,Easy,Save how easy court finally sport finally.,No
167,212,5,Medium,Standard remain together imagine positive walk.,No
61,73,4,Easy,Old body teach.,No
80,251,1,Easy,Effect industry finally stop.,Yes
106,217,1,Hard,Enter why many activity high.,Yes
104,89,4,Medium,Pay system though we man interesting ball.,Yes
168,286,2,Easy,Explain she really.,Yes
62,90,5,Medium,Be theory whatever say strong.,No
191,273,5,Medium,With memory charge help his long agree.,No
168,231,2,Hard,Morning become hear method adult treatment say.,Yes
195,298,1,Easy,Least common other best.,Yes
39,212,3,Medium,Speech matter heart line small while rock physical.,Yes
6,29,1,Medium,National current order hit environmental.,Yes
105,187,4,Medium,Meeting imagine quite image point term health daughter.,Yes
80,92,1,Hard,Science involve third action ten into son.,Yes
27,290,4,Easy,Beyond me word meeting two.,No
179,81,4,Medium,Dark serious stuff.,Yes
170,166,1,Hard,Student garden surface.,No
144,115,2,Hard,Task treatment treat.,Yes
36,74,3,Easy,Far blue decision travel none certain strong.,Yes
136,263,2,Medium,Their election author here benefit.,Yes
155,225,1,Easy,Young guess appear your structure.,No
56,283,4,Easy,Law argue political at once.,Yes
134,93,4,Hard,Film high three product television.,No
122,3,4,Easy,Black return make meeting begin reach main fear.,No
86,278,3,Hard,Computer control product reach those kind set.,No
157,107,5,Easy,Through tend science.,Yes
171,132,5,Medium,Point expect north part want.,No
69,35,1,Medium,Work loss land political air relate.,Yes
170,1,1,Medium,Street growth top fill.,No
92,178,2,Medium,Onto machine mission these spring.,No
175,282,5,Medium,Political guy change owner next moment nor.,Yes
176,41,4,Easy,Recognize may low with interesting forget kitchen yes.,Yes
4,172,2,Easy,Seem race go.,No
175,77,5,Hard,Opportunity consider fear begin.,Yes
40,282,4,Hard,Light whom skill your include.,Yes
5,256,2,Easy,Number ground bring continue arrive.,Yes
178,99,2,Hard,Cause available front class whether week.,No
64,130,2,Easy,Market myself meet.,Yes
181,138,5,Medium,Get wonder myself happy enter product difficult.,No
180,253,2,Hard,Organization region somebody sell knowledge.,No
179,116,3,Hard,Group alone up defense education.,Yes
189,26,2,Medium,Art pick administration.,Yes
124,151,5,Easy,Compare of peace image believe.,No
38,34,3,Hard,Close several instead type.,Yes
55,180,5,Medium,Hard kitchen sense building tell phone.,No
184,297,4,Easy,Board cultural miss fact contain.,No
78,50,3,Hard,Agency catch professor economy.,No
111,148,4,Easy,Trial forward speak teacher hit.,No
34,79,4,Hard,Drop central environment seem.,No
125,185,2,Hard,Subject throw eat foot indicate talk military.,Yes
1,50,2,Hard,Minute play body this.,No
140,203,3,Easy,Usually what camera since wife.,Yes
80,174,1,Easy,By season surface court parent.,Yes
26,152,2,Hard,Black example reach able.,Yes
40,271,3,Hard,After more of modern wall final begin.,Yes
39,280,2,Hard,Visit ball cost husband arrive anyone.,Yes
1,53,1,Hard,Feeling wrong my join.,No
112,229,4,Medium,Skill someone challenge cover toward together.,No
118,40,4,Medium,Accept political model benefit finally civil until.,No
46,199,1,Easy,Finish in seven of.,Yes
12,109,4,Hard,Charge recent character memory military tax rise.,No
55,5,5,Medium,Assume involve hundred yes develop vote.,Yes
164,174,3,Easy,Could education sense her expert professional.,No
182,46,5,Easy,Run protect trade growth front.,Yes
149,255,3,Medium,Region realize since ask.,No
168,252,5,Hard,Run Democrat feel two.,No
194,165,1,Hard,Affect southern need significant.,No
162,50,1,Easy,Soldier tree fire general affect without impact.,No
101,23,2,Medium,Also cell citizen weight prevent wrong recognize or.,Yes
69,68,4,Hard,Describe top area discuss.,Yes
197,182,3,Easy,Against cause between local arm.,Yes
4,45,1,Hard,Suffer doctor nearly outside total smile.,No
99,267,1,Easy,Trial top structure identify behavior my commercial.,No
183,170,2,Hard,Lawyer tree material walk protect.,Yes
163,254,3,Hard,Inside more street.,Yes
179,245,5,Hard,Red note year step network room find.,Yes
47,225,2,Medium,Throughout alone lay effort candidate.,Yes
176,148,2,Medium,Minute manager hear language data direction debate.,No
149,170,1,Hard,How if voice probably billion real.,Yes
143,12,3,Hard,Various sense baby good president for ago.,Yes
80,65,2,Medium,Both cut full impact it address.,No
33,36,2,Hard,Indicate benefit south build difference least voice.,No
30,186,3,Medium,Large ability music American board.,Yes
105,51,5,Easy,Friend fish section build mother month foreign wrong.,Yes
144,292,4,Medium,Make campaign environment them human answer though.,Yes
196,259,3,Hard,Base thank away material put deal.,Yes
123,93,3,Medium,Eat baby time past price.,No
158,201,3,Medium,Walk important idea office pressure government feeling.,Yes
19,44,3,Hard,Affect ball cause mind tough trade.,Yes
187,138,1,Medium,Model style miss church these.,No
174,255,5,Medium,Audience sing edge fly discuss direction mother.,Yes
89,192,5,Hard,Call heart admit system.,No
151,268,1,Hard,Fund watch activity morning.,Yes
144,94,4,Medium,Government mission result though heart.,Yes
39,189,2,Medium,Federal yourself high father letter probably.,No
45,49,2,Medium,Look trade develop security sister address American either.,Yes
105,200,1,Easy,Write which street yard right rock offer.,No
116,169,5,Hard,Week measure teacher mother similar best final believe.,No
103,122,4,Hard,Series administration room approach us agency write.,Yes
105,13,2,Medium,Hear me challenge get brother direction rest.,No
73,197,1,Medium,Strategy air wall ready many paper commercial key.,No
34,268,4,Medium,Present happy program beautiful.,Yes
50,54,4,Easy,Sport I part serious beyond.,No
163,60,5,Easy,Career machine site full direction beat.,No
168,198,2,Hard,Law political base.,No
48,95,5,Hard,Eye some box mission.,Yes
83,132,3,Hard,Vote knowledge sort trouble image ever.,Yes
164,145,1,Medium,Today single individual wife realize.,Yes
98,165,4,Easy,Should adult part win require scene home.,No
173,46,5,Medium,Until guess assume make.,No
79,67,2,Medium,Must support quickly eye father store.,Yes
40,147,1,Hard,Moment side wind tree.,No
79,16,4,Hard,Any age probably box its.,No
57,101,4,Easy,Seven kind call time.,Yes
75,204,5,Hard,Million system investment above at beat city.,No
186,124,3,Hard,Building actually maintain head.,Yes
96,262,5,Hard,Talk including company garden candidate indeed education film.,Yes
56,214,5,Hard,Yard product more defense bill on week.,Yes
74,99,3,Medium,Sit good investment entire.,No
117,48,5,Hard,One book receive stuff.,Yes
71,288,4,Easy,None can without old project.,Yes
34,104,2,Easy,Exactly standard others because agreement.,Yes
104,269,5,Easy,Green head chair loss a physical.,No
72,104,1,Hard,Region human nearly hope method stock minute.,Yes
185,110,4,Easy,Myself little image local system kitchen director choice.,Yes
147,49,4,Medium,Base successful class office local.,No
66,77,1,Medium,Mother number myself ground majority know.,Yes
172,134,3,Easy,Red Republican idea fear effect however summer.,Yes
109,84,5,Easy,Weight get factor water.,No
113,16,3,Hard,Together body wear account hit.,No
127,221,5,Medium,Teach rest finish surface many explain.,Yes
78,95,2,Easy,World involve east water.,Yes
40,71,5,Medium,Future forward dog man box believe.,No
165,149,3,Medium,Move over hair receive.,No
114,289,4,Easy,Seek fight election director moment value.,Yes
155,118,3,Medium,Environmental form writer total party wall shoulder.,No
179,154,1,Medium,Out doctor why will laugh operation mind.,Yes
187,287,4,Medium,Receive upon car respond lot.,No
28,45,1,Hard,Parent leg firm.,Yes
71,179,5,Easy,Responsibility total contain order.,Yes
141,15,3,Easy,Hand sense ten card continue debate officer.,Yes
154,103,3,Easy,Price those subject common well.,No
89,195,1,Hard,Drug win spring at give author too.,No
59,91,3,Hard,Nature institution husband care information prevent.,No
186,65,1,Hard,Take tend Mrs short wall.,No
10,17,3,Easy,Plant lead eye partner machine hear I.,No
131,154,4,Medium,Foreign note protect drive thank organization use call.,No
139,12,4,Medium,Woman by why huge see.,No
140,79,2,Hard,Also significant on community.,No
10,279,2,Medium,Drop attorney us product.,Yes
32,210,2,Hard,Music deal recognize step thought.,Yes
70,4,3,Easy,Subject true stuff our image growth southern.,Yes
197,118,5,Easy,Blue again model nation four.,No
30,59,4,Easy,They and rich billion.,No
159,272,1,Easy,Across listen red suggest south.,No
49,26,2,Medium,Put nation place.,No
178,66,5,Easy,Put dream foot difficult identify stage consumer different.,No
193,70,2,Easy,Student which wish.,Yes
19,294,5,Medium,Environment do others nice our hope.,Yes
43,154,1,Hard,About stuff let career enjoy so material focus.,Yes
95,121,1,Medium,Ready answer I leg fight cell big.,No
48,102,5,Easy,Teach stand very gun.,Yes
111,100,2,Hard,Whole trial indicate let interest energy fine.,Yes
198,14,4,Hard,Discuss where past some dark how until culture.,No
43,193,4,Easy,Become kind seem make final.,Yes
151,222,4,Hard,Raise visit stock talk building behind.,Yes
52,8,4,Hard,Attention worry of city fund toward.,Yes
10,129,1,Hard,Responsibility small subject win here white industry.,No
176,157,1,Medium,Environment inside drive.,Yes
102,291,4,Easy,Degree yourself message out table meeting.,Yes
63,31,5,Hard,Room exactly president peace describe reach.,Yes
176,241,3,Easy,Develop reduce far way start year.,Yes
5,139,4,Medium,Back various property modern improve soon consumer.,No
125,239,1,Hard,State large need Mrs provide election.,No
160,213,2,Hard,Full rather present leave coach lead past.,No
47,206,2,Medium,Write let real go from finish.,No
114,131,1,Easy,Show middle population off leave.,No
124,31,1,Easy,Student rate because through health dog.,No
198,181,2,Hard,Sense while physical join head best.,No
27,135,5,Easy,Catch make huge early.,Yes
37,149,4,Hard,Create result none resource onto hotel simple.,No
9,72,4,Medium,Benefit staff player wall level.,Yes
136,53,2,Medium,Fear remember especially need score school key seven.,Yes
47,41,3,Hard,Wear first fine turn want happen.,No
19,108,1,Hard,Perhaps might enjoy how position best ok.,Yes
164,291,1,Hard,Shoulder throw over lawyer throughout project world.,No
156,239,4,Medium,Very modern end yeah analysis give necessary.,No
93,5,4,Medium,Most station reality central edge war year across.,No
153,160,3,Medium,Spend enjoy ground budget only scientist.,No
152,64,4,Easy,Up if approach me.,Yes
97,163,5,Easy,Note consumer cause many.,No
130,15,5,Medium,Left offer road since start.,Yes
172,39,3,Medium,About send but star baby whatever.,Yes
194,293,3,Medium,Card manager great conference school statement.,No
95,37,3,Hard,Act quality Mrs stand.,No
100,140,5,Medium,Trip probably reduce money these reduce modern.,Yes
87,23,2,Medium,Truth list treat modern economy religious author.,No
7,270,1,Medium,Help impact article happen.,Yes
139,15,4,Hard,Your people church history approach field.,No
2,249,3,Hard,Blood attention ready respond.,No
139,83,2,Medium,Trade mention maintain leave.,No
130,149,1,Medium,Company court easy able officer perform.,No
163,261,3,Easy,Quite prevent star similar.,No
98,172,1,Hard,Whatever list meeting actually position just.,No
186,104,5,Easy,Not approach seek green.,No
20,282,2,Hard,Player modern region most fish her series.,No
117,29,5,Hard,Social if wish attorney value campaign stay.,No
85,44,5,Hard,Show college car follow popular debate recognize.,Yes
124,187,2,Easy,Party well break effect southern director party.,Yes
167,171,5,Easy,Total reality bag according beat politics.,No
63,259,1,Medium,Require professional school.,No
157,246,2,Medium,Matter person including energy.,No
74,181,5,Easy,Discussion throughout smile hot feeling.,Yes
165,13,4,Hard,Rule deal study space its question law.,No
138,171,5,Medium,Brother call of brother and manage.,No
58,218,4,Easy,Participant while nice fill.,No
200,293,2,Medium,Listen carry effect dark something.,No
80,232,3,Medium,Consumer someone stay raise.,No
6,255,3,Medium,Care join have international character.,Yes
39,23,1,Hard,Poor friend rather remember science simply best.,No
196,264,4,Easy,Drop eight stay play.,Yes
157,131,2,Medium,Inside design camera statement song want.,No
162,150,1,Easy,Final hold world.,Yes
191,232,3,Hard,Finally public memory short.,Yes
11,207,4,Easy,Ball really financial remember.,No
149,252,3,Easy,Reality any take there red return.,Yes
22,177,4,Easy,Only economic hear president rise.,No
4,148,2,Hard,Character able put leave.,No
84,155,2,Hard,West identify as check.,Yes
105,107,1,Hard,Box pass moment mission start partner goal.,No
75,187,1,Medium,Share support reveal speak window win call.,No
130,253,5,Hard,Ahead detail expert impact big.,Yes
171,70,3,Hard,Floor add agree section couple size.,No
159,73,2,Medium,Fly wrong ready worry but.,No
178,206,2,Hard,Us teach increase situation prove series.,No
9,240,4,Hard,Position here leg strong power same.,Yes
113,226,5,Medium,Thing hand kid pressure instead enough.,Yes
152,67,5,Easy,Catch clear yard citizen cover suddenly.,Yes
105,137,1,Easy,Consumer boy be enjoy within under.,Yes
85,264,2,Easy,Collection wall relate difficult space.,Yes
83,35,1,Hard,Table wall safe result.,Yes
63,91,5,Medium,Project history idea seven remember energy even laugh.,Yes
193,277,1,Easy,Notice family seven only central student.,Yes
102,207,3,Medium,Air catch I election then agreement.,Yes
45,31,4,Hard,Beautiful finish front loss.,Yes
99,212,2,Hard,Same heart baby paper eat.,No
161,213,3,Easy,Want southern amount beyond safe.,No
199,131,1,Easy,Account short program view cut go.,No
142,223,1,Hard,On nothing team level seven.,No
100,52,4,Hard,Life during free nice exactly environmental again effect.,No
63,49,4,Medium,Detail street focus right why college.,No
185,59,4,Medium,Upon cold face.,No
99,49,3,Hard,Thing light mean of today black.,No
40,106,4,Hard,Put scientist response ask management.,No
133,279,2,Easy,Describe him traditional later.,No
152,172,4,Medium,College listen speech decide.,No
44,127,3,Hard,At join word minute fund.,No
115,232,5,Hard,Left subject house him national example.,No
149,110,4,Hard,Cold reach red school probably sea senior professor.,Yes
30,260,1,Hard,Event reality their amount its hospital.,No
195,41,3,Hard,Customer pull year understand central candidate industry.,No
180,198,1,Easy,Article set road opportunity positive believe reflect floor.,No
168,287,5,Medium,Seem industry laugh deep radio computer economic.,Yes
111,112,2,Medium,Eat court discussion attention none.,Yes
155,292,3,Medium,Others certainly draw wait forget.,Yes
183,102,3,Hard,Development best myself television nature.,Yes
190,231,4,Easy,See expert five home garden include only.,Yes
120,55,3,Medium,Figure thus center technology pattern.,No
71,88,2,Hard,Animal action point.,Yes
194,55,4,Hard,At expect receive movie act individual of.,Yes
45,70,3,Medium,Member none system brother listen employee.,Yes
29,29,4,Easy,Act allow especially decade thought floor family.,Yes
172,44,5,Hard,Arm quality project stage thought happy.,Yes
17,215,2,Medium,Worry gas ask process accept.,Yes
92,249,1,Hard,Need serve glass international time check seat.,Yes
123,75,2,Hard,Less number push would.,No
60,191,2,Easy,Put gun play line us firm left.,Yes
198,256,4,Hard,Nearly pattern family single interesting offer.,Yes
93,292,2,Hard,Practice either since hospital there hot.,No
15,184,3,Medium,Author woman environmental political even full sister.,No
56,149,4,Hard,Order break reach anything.,No
74,202,3,Hard,Coach foreign alone capital find.,No
137,107,3,Hard,Possible leader marriage trip.,No
186,176,1,Easy,Should season upon physical exactly watch simply.,No
13,289,5,Medium,Vote let various adult significant several.,No
104,300,4,Medium,Manager break benefit argue agree after.,Yes
153,295,3,Hard,Throw expect generation loss successful top for.,No
26,207,3,Easy,Position contain mouth administration good money.,Yes
63,269,4,Hard,Fast successful better theory event property structure poor.,Yes
109,272,2,Easy,Action purpose trip late close during cultural.,No
189,75,1,Medium,Foot tough per whom nice.,Yes
169,213,2,Medium,After attack dinner friend.,Yes
53,173,3,Medium,Apply industry ever author in spend.,Yes
23,290,1,Easy,Sell along now condition enjoy leg.,No
20,14,5,Easy,Pass term treatment every up probably poor.,Yes
98,7,4,Hard,Result almost stage both present again open.,No
89,37,1,Medium,Reach drug should conference.,No
92,191,1,Easy,Better must material audience share.,No
83,56,3,Easy,Include team call personal method end born.,Yes
83,266,1,Hard,Body whose move us usually power address.,Yes
199,233,1,Hard,Past bit peace plan information value dream thousand.,Yes
61,59,2,Medium,Society treatment story.,No
160,39,1,Hard,Red compare case our adult career exist.,Yes
144,248,4,Medium,Whatever group when.,No
67,265,5,Hard,Discover look coach head serve somebody.,No
118,78,2,Easy,Risk actually accept land information agent one media.,No
105,5,3,Medium,Stuff remember practice want despite.,Yes
183,300,5,Medium,Professional sell term that.,No
46,154,2,Easy,Idea pay worry summer.,No
84,286,2,Hard,Former house development along focus.,No
152,203,5,Medium,Draw start factor suggest ask president often.,No
95,127,2,Hard,Compare popular add official.,No
178,54,1,Medium,Five civil vote writer.,Yes
182,249,5,Easy,Care buy forward area loss part.,No
107,23,1,Medium,Least production life such begin agreement eat.,No
64,31,2,Easy,They job wish this fear little smile.,No
10,97,1,Hard,Lot piece technology exactly.,Yes
76,164,4,Medium,Learn sea between reason heart person face.,Yes
109,188,2,Hard,Chance once sell power.,No
92,261,1,Hard,Walk mean western a stage sister.,No
14,111,3,Hard,Democratic land single media.,No
41,142,2,Hard,Detail check push enough.,No
61,90,1,Hard,Contain way question address mean.,Yes
199,36,4,Hard,Seek party ask treat political.,Yes
32,52,4,Easy,Cause throughout treatment young call teach collection.,Yes
89,63,3,Medium,Theory start about account tonight assume.,Yes
186,28,2,Hard,Standard itself however phone rise account reduce.,Yes
99,171,4,Medium,Bill bit form join exactly western.,Yes
25,115,2,Hard,Simple factor thus blue participant thus concern.,No
143,264,4,Hard,Process medical during together.,No
182,80,1,Medium,Evening pattern summer loss girl bank.,Yes
8,289,4,Hard,Determine PM single couple just.,Yes
129,239,4,Hard,Whether page mean task exist city without.,Yes
186,63,2,Hard,General south describe artist.,Yes
38,60,3,Easy,Successful general both.,No
38,153,5,Easy,Thought front college rather difference animal decide.,Yes
162,96,5,Easy,Her coach once into dinner just during visit.,Yes
176,274,5,Hard,Least material above environmental.,No
139,78,1,Hard,Mrs give since peace behind meet.,Yes
93,203,4,Easy,See newspaper might ten.,Yes
181,273,3,Hard,Agency indeed certainly.,Yes
74,142,5,Medium,In glass physical democratic there.,No
183,189,3,Easy,Bed party specific two stop.,Yes
85,238,4,Medium,Indeed meet why audience meet perform offer.,Yes
176,85,5,Easy,Not marriage attack also raise structure instead time.,Yes
33,111,2,Hard,Financial past glass might.,Yes
23,218,4,Easy,Ground would drive piece cold keep.,Yes
164,220,3,Hard,Interesting care far never.,No
133,69,2,Hard,Require book image would chair history.,No
124,56,4,Medium,Style science class town thus image country.,No
127,180,2,Hard,Source trip record possible.,Yes
33,174,1,Medium,Six candidate few rest.,Yes
169,37,2,Hard,Window get manager leader.,Yes
152,45,5,Easy,Beautiful yard final prove realize defense bill me.,Yes
195,109,1,Medium,Throw which too change even popular.,Yes
28,25,5,Hard,Central themselves present affect news off month.,Yes
141,277,1,Easy,Finally win address difference check.,No
46,10,3,Hard,Citizen which require arm evening PM we.,No
1,65,4,Medium,Very nation issue.,No
82,48,1,Hard,Benefit be task guess.,Yes
42,113,5,Hard,Final kind be.,Yes
46,241,4,Hard,Instead quickly ask build value age I police.,Yes
102,10,4,Medium,Election he thought former real interest firm.,No
83,223,2,Easy,Car discussion specific build energy blood or.,Yes
125,188,2,Hard,Citizen though call think view draw.,Yes
22,48,3,Medium,Begin cultural source movie education.,No
154,34,2,Easy,Make notice event when turn off manage.,Yes
14,294,5,Easy,Security writer must special.,Yes
179,275,5,Hard,Outside bring citizen laugh three too approach.,No
99,54,1,Hard,Travel example happen what sort challenge.,No
169,234,5,Hard,Indeed skill leader future perform.,Yes
175,175,4,Easy,Around TV enter ability debate everyone pick guess.,Yes
136,253,2,Easy,Design mean hot change sell far trade.,No
163,255,5,Hard,Doctor capital fire around.,No
183,202,1,Medium,Spend travel one answer night.,Yes
119,192,1,Easy,Mr radio recognize cause window parent.,Yes
154,186,4,Easy,Relate relationship expect market ball food.,Yes
87,90,2,Hard,Herself movement country doctor speech report information.,Yes
127,237,4,Medium,Garden reveal too away task east great.,Yes
2,203,4,Easy,His outside discuss style record with.,No
93,284,2,Medium,Ability allow wonder share.,No
5,138,3,Medium,Own its meet free during.,No
130,230,4,Hard,Me north score probably two read within itself.,Yes
43,93,5,Medium,Interesting personal medical work.,Yes
44,156,4,Hard,Left wall rise wrong.,No
102,45,3,Easy,Young product heavy matter.,Yes
156,54,4,Medium,Particularly firm grow establish forward base into.,Yes
22,297,5,Hard,Lawyer close visit garden assume party.,Yes
154,5,1,Medium,Simply add whom need she.,No
156,115,5,Hard,Size state because attack power plant.,Yes
7,95,4,Medium,War night boy dark pattern peace.,Yes
134,167,1,Easy,Four set black region mission will tend.,Yes
75,82,5,Easy,Security hour culture better pass stand wall sometimes.,No
13,147,1,Easy,Last strategy successful so.,Yes
157,143,4,Hard,Finish offer instead sell religious.,No
94,62,1,Hard,Boy even executive operation long outside.,Yes
30,9,3,Medium,Several center national.,No
89,19,1,Medium,Serious relate cup make.,No
60,184,2,Easy,Without light attention she.,No
196,243,5,Hard,Movie know with receive believe east energy.,Yes
127,1,3,Medium,Nearly place peace gas station enjoy.,Yes
47,114,1,Easy,Court clear down hundred method wrong fact.,Yes
135,127,1,Easy,Listen check store daughter unit.,No
84,54,4,Hard,Thing commercial group similar professional beyond statement.,Yes
66,185,1,Easy,Seven grow dog.,No
37,238,2,Easy,Heart table agree season four.,No
173,124,4,Hard,Mrs rule happy next manager because.,Yes
43,208,3,Medium,Save another ready well down.,Yes
39,208,1,Easy,Eat whatever nearly woman these network read.,No
46,274,1,Easy,Kitchen wait offer now organization rock cost.,No
173,281,3,Medium,Allow exist baby thousand half always buy.,Yes
108,43,5,Medium,Than election science involve.,Yes
63,295,2,Easy,Usually town film face whatever suggest.,Yes
42,163,3,Easy,Word new figure coach me anyone scene say.,Yes
95,51,4,Easy,Machine race reduce.,No
121,26,4,Medium,Decade late begin land majority project charge.,No
147,263,1,Medium,People there front religious myself.,Yes
41,139,2,Hard,Smile meet lose maintain kind future.,No
66,200,1,Easy,Either operation process stock.,Yes
117,57,3,Hard,Develop low first space.,Yes
188,274,3,Easy,Charge paper against building continue choose.,Yes
125,254,4,Easy,Left voice sound pass year receive.,Yes
178,278,3,Hard,First arrive national fill.,No
188,19,5,Easy,On small traditional health.,No
106,264,1,Medium,Feeling movie very window site sound become consider.,No
141,193,3,Easy,Against top direction.,No
184,45,3,Hard,Standard happen might central.,Yes
85,126,4,Easy,Seek run four population.,Yes
73,112,2,Easy,Play study traditional reduce.,Yes
183,164,4,Hard,Race discussion people professional.,Yes
72,285,3,Hard,Involve practice cold Congress.,Yes
150,289,1,Medium,Drug issue hope happen receive international which see.,No
79,223,5,Hard,Weight memory budget Mrs.,Yes
146,120,4,Medium,Onto range ground else.,Yes
142,152,4,Hard,They only sign case pick.,No
167,74,4,Easy,Oil bit personal agree west PM.,Yes
1,275,5,Medium,Central door heart wrong.,No
157,83,3,Hard,Politics social city.,Yes
43,175,3,Hard,Social child foreign what structure.,Yes
1,188,4,Easy,Trip value government he best market.,Yes
124,253,1,Easy,Blue explain debate prevent always single.,No
58,197,1,Hard,Send guy such significant.,Yes
173,221,1,Hard,Specific nice throw interest into take administration issue.,Yes
184,281,3,Easy,Democratic church understand good expert sell box.,No
54,247,1,Medium,Former before both style.,Yes
78,293,4,Medium,Again sure course attack than spring notice.,No
72,89,2,Easy,Research relationship success among for mouth get.,Yes
1,192,5,Easy,Example lawyer artist this protect somebody probably.,No
136,103,4,Hard,Together sometimes sign anything ability during.,No
84,24,5,Medium,Hand nothing boy including police push team.,No
41,243,2,Hard,Against matter country.,No
23,286,5,Hard,And region cover because such himself decide cover.,No
90,211,4,Medium,Within tree in.,Yes
127,200,3,Hard,Nice live analysis see.,No
34,189,3,Medium,Throw between condition enough bed.,Yes
45,204,3,Easy,Various avoid speech trip now thank stand.,Yes
194,80,4,Easy,Discover toward work better hair indicate.,Yes
47,218,3,Hard,Work family exist money during.,Yes
4,162,5,Hard,Do start arrive share front rule.,Yes
109,122,5,Medium,Everybody similar live perhaps control throw.,No
199,40,2,Medium,Or player power city production.,Yes
86,52,2,Hard,Place catch cause board watch order health.,No
130,79,5,Medium,Challenge address foot couple early agreement natural.,No
186,155,1,Medium,Keep buy weight imagine court.,Yes
26,256,3,Medium,Citizen out several large service produce.,No
8,160,4,Easy,Never range consider forward rather thus work size.,Yes
127,222,2,Easy,Man board high.,No
82,5,1,Medium,Affect after fire space call.,No
187,127,3,Medium,Test wish yard at ready window.,Yes
36,79,2,Easy,Important language statement still success.,No
133,296,2,Medium,Night remember trade seven anyone.,Yes
49,97,5,Easy,Might special idea share amount else.,Yes
13,24,2,Medium,Best city way statement particularly within another entire.,No
194,113,2,Easy,Only I provide.,Yes
113,7,4,Easy,Thing course surface buy.,No
46,218,1,Easy,Nature network perhaps huge mouth.,Yes
67,113,2,Hard,Two investment or speak local citizen.,Yes
9,281,2,Hard,Big should nothing administration fight.,No
84,139,3,Easy,Cost several cover have less television day.,No
185,268,2,Hard,Her measure could effect coach agent agreement.,Yes
54,296,3,Easy,Box tough their.,Yes
162,3,3,Hard,Event movement choose keep decision history some.,Yes
36,206,1,Medium,I learn him truth only yet scientist.,Yes
167,126,4,Easy,Early college strategy land character source.,Yes
192,18,4,Easy,Time dark much call another require statement.,No
6,162,3,Hard,Light throw great court.,No
12,190,2,Hard,Cost answer officer either.,No
112,166,2,Easy,Discussion majority and child important store.,Yes
135,100,5,Easy,Available production yes market school respond.,Yes
78,130,2,Medium,Law alone claim.,Yes
4,295,4,Medium,Assume within upon leave he cup.,Yes
5,145,2,Hard,Issue property skin quickly end.,No
45,164,2,Hard,Easy hit protect consumer consider well job.,Yes
193,67,2,Hard,Theory perform fly good claim future.,No
68,6,3,Easy,Your choice democratic cup over better early page.,No
32,300,1,Medium,Citizen move bank picture sea.,Yes
128,146,1,Easy,Drive parent same spend avoid maintain.,No
113,205,2,Easy,Professional officer thank claim recent question mention.,Yes
196,92,4,Easy,Particular main relationship.,No
100,121,4,Easy,House low government treat cup someone reduce.,Yes
94,194,1,Hard,Material street economic wait.,No
112,258,4,Easy,Ten assume after expert.,Yes
171,182,3,Easy,Color rest owner increase often.,Yes
114,151,1,Easy,Physical represent gun mouth seat.,Yes
87,63,4,Hard,Least out sport throw entire report.,Yes
111,216,3,Easy,Small fine out traditional fight fact.,No
194,5,5,Hard,In outside subject include worry production.,Yes
4,247,2,Medium,Specific young radio officer record bank meeting.,No
152,247,4,Hard,Him he need building.,No
1,130,4,Hard,Event campaign relationship account according.,No
135,6,5,Hard,Bar capital both also relationship meeting.,No
124,258,3,Hard,Hospital wish product agree easy especially entire.,No
192,145,3,Easy,Be how response head until like various.,Yes
81,27,4,Medium,Letter when when arrive.,Yes
199,78,4,Hard,Simply artist brother.,Yes
95,249,3,Medium,Institution heavy mention in TV.,Yes
175,198,4,Easy,Everyone center left provide newspaper lawyer boy billion.,Yes
65,45,1,Easy,Involve against police speak among avoid.,Yes
21,134,2,Easy,Expert ever few collection.,Yes
62,204,2,Easy,Any fire before civil particular sell kind who.,No
42,210,4,Hard,Yeah color although clearly.,No
151,168,2,Medium,Fear low wonder side.,No
38,48,4,Medium,His product buy focus thank wind show.,Yes
184,177,3,Easy,Explain total her piece.,No
1,181,2,Easy,Ready operation reveal.,No
141,276,4,Medium,Tv produce board so.,Yes
54,145,4,Hard,Morning wear grow per continue police.,Yes
23,270,1,Hard,Benefit environmental occur none approach.,No
189,238,5,Easy,Itself move plant hit work talk television above.,No
108,175,1,Easy,Memory compare four however.,Yes
189,118,1,Medium,Do ability management suddenly difference believe study.,No
187,143,5,Medium,Safe morning community still.,Yes
132,274,2,Easy,Product paper his likely nice Mrs western.,Yes
111,134,4,Medium,Black these modern fly.,No
114,117,1,Hard,Conference green network catch soldier away.,No
14,299,2,Medium,Positive can strong base look remain.,No
46,35,5,Hard,Feeling Republican develop feeling.,Yes
64,116,3,Easy,Unit class probably chance either today into.,No
71,208,1,Medium,Administration season want field.,No
112,64,4,Medium,Process song compare force.,Yes
155,50,4,Easy,High impact at appear away way.,No
132,94,4,Medium,Yeah imagine south every everything.,No
37,201,4,Easy,Career item view establish do.,Yes
131,299,4,Hard,Consumer until position.,Yes
15,6,2,Medium,Impact value subject kid experience reach.,No
69,249,3,Medium,Raise expect however door.,No
37,167,5,Easy,Option new blue my color.,No
99,228,5,Medium,Apply anyone blue.,Yes
92,157,2,Easy,Concern sound would budget house modern daughter onto.,Yes
187,60,2,Medium,Last nice down young no contain.,No
112,202,2,Medium,Natural performance would leg describe spend focus.,No
7,156,3,Hard,Us fly give property than ahead bit.,No
17,141,1,Easy,Attorney capital skill management write.,Yes
103,129,4,Hard,Answer decide city allow protect after.,No
127,98,3,Hard,East inside investment paper effect key.,No
196,74,5,Hard,Central any appear occur scientist market most.,No
14,158,5,Hard,Accept know feel low though bed.,No
184,203,1,Hard,Despite land hotel nearly style.,Yes
71,84,4,Easy,Economic year administration attack.,Yes
132,139,5,Hard,Morning such chair without decision its.,No
82,256,1,Easy,Without source break back.,Yes
89,4,5,Medium,Experience fine indicate grow anyone well.,Yes
144,6,1,Easy,Read size few story.,Yes
69,266,2,Hard,Thousand contain everyone participant.,Yes
162,87,3,Medium,Floor draw police spring animal view.,Yes
165,175,1,Easy,Picture test figure most western lot.,Yes
4,241,5,Easy,Paper raise quite every turn car.,No
182,7,4,Hard,Lose policy Republican stuff turn whether nice.,Yes
72,112,3,Hard,Hot person question trip fight my.,No
13,229,2,Medium,Air star environmental involve kid international.,No
112,102,5,Hard,Require heart time attack.,Yes
72,86,3,Easy,Travel accept agency series.,No
186,297,2,Medium,Speech generation identify friend office age painting.,Yes
167,31,4,Hard,Water evening up couple likely house.,Yes
170,15,2,Hard,My true clear deep involve feeling which.,No
103,262,2,Easy,Address one teach market.,No
106,19,5,Medium,Ask president choice begin social.,Yes
115,126,5,Medium,Public whatever scientist environment.,No
23,56,1,Easy,Either history sell join new peace.,No
4,66,3,Medium,Effort guy girl.,Yes
112,175,2,Hard,Tonight ago answer ahead arm collection.,No
103,287,5,Medium,Age goal from security.,Yes
160,115,2,Easy,Avoid dog add occur.,Yes
12,90,1,Easy,Answer outside thing billion.,Yes
29,146,4,Hard,Keep southern discussion child glass.,Yes
140,123,4,Medium,Section wife rock at run.,Yes
7,39,4,Hard,Over indicate bag father coach.,Yes
39,22,1,Easy,Without ability TV memory rock entire.,No
122,192,4,Easy,Half near indeed career military.,Yes
34,29,5,Easy,Development call home concern.,Yes
19,232,5,Medium,Plan green drive old protect business.,Yes
62,279,1,Medium,Space blood picture simply increase.,No
32,212,4,Medium,Term herself month reveal weight add on.,Yes
12,133,1,Hard,Answer enjoy science leg yeah put.,Yes
156,38,5,Easy,Friend nation very state nearly official.,Yes
185,252,2,Easy,Bank Mrs agreement.,No
134,85,3,Hard,Across court inside.,Yes
121,49,5,Easy,Executive know low responsibility.,No
128,261,5,Easy,End future on see out believe purpose.,No
134,242,4,Hard,Evening street serve local hair whatever.,Yes
127,291,4,Hard,Policy second capital certain career each protect big.,No
23,30,2,Medium,Beat operation response since stock.,No
174,106,2,Hard,Store evidence theory boy might explain.,No
193,103,4,Medium,To before three its.,No
172,164,1,Medium,Suddenly forget employee mission foreign clearly.,Yes
109,147,2,Medium,Eye like speech agency model reduce finally development.,Yes
70,270,2,Easy,Compare reduce magazine program.,No
88,12,3,Hard,Follow than design summer.,No
82,3,1,Hard,Case condition over radio building oil force.,No
12,139,3,Hard,Early thus increase.,No
86,163,3,Medium,Learn TV matter laugh rate.,Yes
158,227,4,Easy,Return security them group no teach conference.,No
6,28,5,Medium,Large out fear green so place.,No
173,117,2,Hard,Lay great quickly the president could.,No
190,117,4,Medium,Sure standard off.,Yes
191,69,4,Hard,Behavior natural amount however leave large.,Yes
179,108,4,Easy,Choose myself collection.,No
129,176,2,Hard,Fine turn nice form.,Yes
133,266,3,Easy,Institution color something own responsibility movement firm six.,Yes
152,211,4,Hard,Such use national tax term art remember their.,Yes
119,223,3,Easy,Interview social participant begin environment.,Yes
91,261,1,Hard,Study every yet perhaps hot item hope.,Yes
194,98,4,Hard,Material special both sense.,Yes
80,154,1,Easy,Actually teach at official.,Yes
111,124,4,Easy,Want pull technology entire maybe half career its.,No
62,280,4,Hard,Science resource fire in quite phone particular.,No
71,216,1,Hard,Accept knowledge either upon bill early.,No
169,272,3,Medium,Hundred hard clearly letter tell sense.,Yes
197,7,3,Easy,Establish owner human language race.,Yes
14,68,4,Medium,Challenge your kind despite growth of.,No
156,228,3,Hard,Before politics artist arrive maybe performance.,No
182,275,4,Medium,Smile grow think nearly.,No
184,276,1,Easy,Law what can.,Yes
179,257,4,Hard,Indicate story share service.,No
46,42,2,Hard,Future exist success feeling look green trouble follow.,Yes
123,184,1,Medium,Create phone foreign always third week.,Yes
184,69,1,Easy,Feel leader cell.,No
16,16,2,Easy,Provide claim stay lead size people collection child.,No
11,66,4,Easy,Assume baby many employee trip young your.,No
118,239,1,Hard,Sea arm whose key network.,Yes
68,113,2,Hard,Main suggest lose stage cost strategy PM also.,Yes
191,284,2,Medium,Term four stuff court.,No
132,286,3,Easy,Bill although available thing include safe owner.,No
94,1,3,Medium,Like interview test number degree price share marriage.,No
33,179,1,Easy,Against stay eat step song total.,Yes
83,159,5,Hard,Student pass call those.,Yes
110,230,2,Easy,Check letter enter you after floor.,No
39,96,2,Hard,Lawyer music chair point.,Yes
44,126,1,Hard,Technology water day Democrat main perform truth another.,No
5,273,1,Hard,Bar situation interest forward blood.,Yes
80,21,2,Medium,Value never paper once must citizen anyone.,Yes
167,45,5,Easy,Whether federal single finally.,Yes
106,46,2,Hard,Rise cup return should continue opportunity last really.,Yes
13,92,2,Easy,Painting feel them security lay police significant national.,Yes
133,220,5,Hard,Lawyer official say try.,Yes
30,279,3,Hard,Capital quality term reduce blood large their.,Yes
188,253,1,Medium,Sometimes six through forward.,No
194,110,3,Medium,Politics summer later edge under.,Yes
13,138,5,Hard,Common industry lead manage its page amount.,No
68,216,2,Medium,Next culture why forget want deal figure.,No
119,75,4,Medium,Chair push water film site.,Yes
118,253,1,Hard,Foot glass late meeting herself book image.,Yes
61,29,3,Hard,Next life none certainly set.,No
4,116,3,Easy,Personal discover various forget home section.,No
125,262,2,Easy,Tax TV too eye central but though.,Yes
6,203,4,Easy,Computer Congress character deep look sense.,Yes
41,223,1,Medium,Future to serious wait area.,Yes
43,69,4,Easy,Difficult adult fire of season me program.,No
124,299,2,Easy,I strong heavy so.,Yes
53,243,4,Easy,Couple build brother until discuss.,No
92,113,2,Hard,Face doctor else natural policy term show experience.,Yes
145,45,4,Hard,Serious civil have.,Yes
85,57,3,Easy,Human politics sign concern.,No
78,191,1,Medium,War interest heavy scene again.,No
161,181,2,Hard,Address no personal.,No
9,44,1,Hard,Remain it glass about page song.,Yes
29,70,1,Easy,She surface yes white.,Yes
29,275,5,Medium,Who population baby mind.,Yes
52,281,4,Medium,Less agency fill girl child.,Yes
7,168,3,Medium,Someone develop pattern ahead boy.,Yes
126,5,5,Medium,City item risk watch build simple check skin.,Yes
25,55,4,Easy,Yes style they hospital management.,No
27,99,2,Easy,Name everything how whether girl.,Yes
61,70,4,Easy,Street any movie natural eat police.,Yes
134,39,4,Easy,Conference responsibility fight such matter.,Yes
34,165,3,Hard,Star analysis five part get base.,No
153,163,1,Easy,Let movement defense face push.,No
29,201,2,Hard,Condition easy particularly realize billion treat.,No
107,154,5,Hard,School five break.,Yes
193,267,1,Hard,Alone sister grow charge home.,No
52,79,1,Medium,Pm yourself bar town standard.,No
79,201,4,Hard,Kind if ago participant himself should energy and.,No
109,289,4,Hard,Show describe blue tax maybe imagine less.,Yes
168,257,2,Medium,Role tough control remain.,No
185,77,4,Hard,Minute job indicate full spend stage break.,Yes
