userId,name,email,role,department,designation
1,Connie Cox,skinnermary@example.org,user,Consultancy,Software Engineer
2,Debra Bishop,patriciagarcia@example.com,user,Data Engineering,Project Manager
3,Colleen Davis,owenscourtney@example.com,user,Data Engineering,Senior Software Engineer
4,Monica Fuentes,williamlopez@example.net,user,Data Science,Senior Software Engineer
5,Patricia Aguilar,hdennis@example.org,user,Full-Stack,Solutions Enabler
6,Misty Richardson,amandanixon@example.com,user,Consultancy,Solutions Consultant
7,Theresa Dunlap,greenstephanie@example.net,user,Consultancy,Software Engineer
8,Brandi Hernandez,jacobsonadam@example.com,user,Data Science,Principal Architect
9,Alexa Lee,mweaver@example.org,user,Data Science,Solutions Enabler
10,Brent Mayer,smithcraig@example.org,user,Testing,Principal Architect
11,Michael Taylor,pguzman@example.net,user,Full-Stack,Intern
12,Patricia Khan,denise50@example.com,user,Testing,Solutions Enabler
13,Nicholas Long,adamsmichelle@example.org,user,Full-Stack,Senior Software Engineer
14,Brenda Cooley,deanna41@example.com,user,Devops,Project Manager
15,Dr. Bryan Lucas,ybarnes@example.net,user,Full-Stack,Senior Software Engineer
16,Heather Graham,jamesthompson@example.net,user,Full-Stack,Solutions Enabler
17,Amanda Johnson,rosborn@example.net,user,Data Science,Senior Software Engineer
18,Michael Sampson,johndunn@example.com,user,Devops,Solutions Architect
19,Craig Torres,cooknicole@example.com,user,Full-Stack,Solutions Architect
20,Colleen Middleton,mmorales@example.org,user,Full-Stack,Solutions Consultant
21,Desiree Castro,dyerhannah@example.com,user,Devops,Intern
22,Adam Waters,linda38@example.net,user,Devops,Senior Software Engineer
23,Margaret Torres,shawthomas@example.net,user,Data Science,Solutions Architect
24,Grant Ochoa,ruizrebekah@example.com,user,Testing,Solutions Enabler
25,Dr. Megan Benton MD,carlosstafford@example.org,user,Data Engineering,Principal Architect
26,Ryan Wright,mike70@example.com,user,Devops,Solutions Architect
27,Jeffrey Smith,johngeorge@example.org,user,Devops,Solutions Architect
28,Jordan Davis,allison95@example.org,user,Devops,Project Manager
29,Javier Perez,paynesuzanne@example.org,user,Testing,Software Engineer
30,Amber Turner,ashley23@example.org,user,Full-Stack,Solutions Architect
31,Angela Hutchinson,austin56@example.com,user,Full-Stack,Project Manager
32,Troy Owens,martinezalexandra@example.com,user,Devops,Software Engineer
33,Patricia Craig,jacob10@example.net,user,Testing,Principal Architect
34,Gary Baldwin,janecarpenter@example.org,user,Testing,Software Engineer
35,Nancy Thomas,lunamichele@example.net,user,Data Engineering,Principal Architect
36,Michelle Brown,amber11@example.com,user,Consultancy,Software Engineer
37,Katherine Davis,evan80@example.com,user,Consultancy,Project Manager
38,Stephen Heath,jodi37@example.org,user,Full-Stack,Solutions Architect
39,Robert Smith,margaret55@example.org,user,Full-Stack,Principal Architect
40,Erika Jackson,jean62@example.org,user,Devops,Principal Architect
41,Theresa Brady,smithrobert@example.org,user,Devops,Solutions Architect
42,William Clark PhD,qbrown@example.org,user,Data Engineering,Senior Software Engineer
43,Mark Johnson,allenmelissa@example.com,user,Data Science,Project Manager
44,Maria Blevins,lisawarren@example.org,user,Data Science,Principal Architect
45,Marisa Holmes,gailpeters@example.com,user,Testing,Software Engineer
46,Lindsey Garcia,grahamkimberly@example.com,user,Full-Stack,Intern
47,Mrs. Theresa Jones DDS,egray@example.com,user,Devops,Solutions Architect
48,Matthew Brown,wattseric@example.net,user,Testing,Solutions Architect
49,John Obrien,virginia09@example.net,user,Data Engineering,Project Manager
50,Victor Vasquez,brandon60@example.com,user,Devops,Solutions Enabler
51,Daniel Sullivan,daviskristi@example.com,user,Data Engineering,Solutions Consultant
52,Jennifer Williams,elarson@example.net,user,Devops,Senior Software Engineer
53,Travis Smith,tiffanylee@example.com,user,Devops,Senior Software Engineer
54,Heather Lee,kevinrangel@example.com,user,Devops,Solutions Enabler
55,Vanessa Bennett,christopher32@example.net,user,Data Engineering,Solutions Consultant
56,Sarah Johnson,carrolljustin@example.org,user,Data Science,Solutions Consultant
57,Norma Pace,sergiocook@example.com,user,Testing,Intern
58,Michael Ball,evan35@example.com,user,Data Engineering,Senior Software Engineer
59,Timothy Meyer,nancy06@example.net,user,Testing,Principal Architect
60,Bonnie Garcia MD,gonzalesanne@example.net,user,Full-Stack,Project Manager
61,Timothy Rodriguez,frankdiana@example.net,user,Data Engineering,Solutions Enabler
62,Mary Butler,rholder@example.com,user,Devops,Solutions Architect
63,Brian Bowers,herringeric@example.net,user,Full-Stack,Intern
64,Matthew Garcia,xjones@example.net,user,Testing,Senior Software Engineer
65,Carol Wood,frazierdanielle@example.org,user,Consultancy,Solutions Consultant
66,Rebecca Bell,preid@example.org,user,Consultancy,Solutions Consultant
67,Jennifer Welch,saramoore@example.org,user,Consultancy,Solutions Consultant
68,Anthony Walton,amorales@example.net,user,Data Engineering,Senior Software Engineer
69,Tina Lutz,robertsmeagan@example.net,user,Data Engineering,Solutions Architect
70,Mark King,rushjoseph@example.com,user,Full-Stack,Intern
71,Mr. Jack Holland,bernarddaniel@example.com,user,Consultancy,Principal Architect
72,Steven Smith,gregory77@example.net,user,Full-Stack,Solutions Consultant
73,Kenneth Hernandez,michaellewis@example.org,user,Full-Stack,Solutions Enabler
74,Elizabeth Henderson,ryanhuang@example.com,user,Consultancy,Principal Architect
75,Justin Sexton,hcastro@example.org,user,Devops,Solutions Consultant
76,Jennifer Mason,christina81@example.org,user,Data Engineering,Senior Software Engineer
77,Nina Hunt,russellkeith@example.com,user,Data Engineering,Solutions Architect
78,Rhonda Lopez,esanders@example.com,user,Devops,Solutions Architect
79,Jennifer Glass,gonzalezkelly@example.net,user,Devops,Intern
80,Amanda Mitchell,debrajensen@example.org,user,Data Science,Project Manager
81,Christine Choi,keith55@example.com,user,Data Engineering,Principal Architect
82,Cassandra Russell,sramirez@example.org,user,Data Engineering,Project Manager
83,Andrea Dominguez,brian41@example.net,user,Data Science,Principal Architect
84,Dorothy Bell,kayla38@example.com,user,Data Engineering,Principal Architect
85,Shannon Bright,kylepeterson@example.net,user,Consultancy,Project Manager
86,Ian Olson,angeladiaz@example.net,user,Testing,Solutions Architect
87,Daniel Thomas,harrisrobert@example.net,user,Data Science,Intern
88,Sara Delgado,nboyd@example.com,user,Testing,Principal Architect
89,Heather Simon,hendersoncynthia@example.org,user,Data Science,Senior Software Engineer
90,Holly Hill,kendrastewart@example.net,user,Consultancy,Solutions Architect
91,Erica Lam,michael71@example.net,user,Consultancy,Software Engineer
92,Daniel White,hamiltongabriel@example.com,user,Devops,Solutions Consultant
93,Patrick Stephens,lori15@example.com,user,Data Engineering,Senior Software Engineer
94,Derek Gill,wandaking@example.com,user,Devops,Intern
95,William Mclaughlin,qtaylor@example.net,user,Devops,Senior Software Engineer
96,Morgan Wilson,charlesjones@example.net,user,Data Engineering,Project Manager
97,Terry Gomez,matthewfernandez@example.org,user,Devops,Software Engineer
98,Benjamin Wallace,amandawallace@example.net,user,Data Engineering,Senior Software Engineer
99,Darrell Phillips,jennifertaylor@example.net,user,Full-Stack,Senior Software Engineer
100,Kimberly Melton,claytonbenton@example.net,user,Devops,Project Manager
101,George Edwards,brentmorales@example.com,user,Full-Stack,Software Engineer
102,Jennifer Dennis,jgoodman@example.org,user,Data Engineering,Intern
103,Ryan Cox,stephenhall@example.com,user,Data Engineering,Software Engineer
104,Jared Burns,richardroberts@example.com,user,Devops,Principal Architect
105,Michele Marquez,franklinalvarado@example.com,user,Consultancy,Solutions Enabler
106,Jason Thomas,awashington@example.org,user,Full-Stack,Intern
107,Stephanie Moore,eileencaldwell@example.com,user,Testing,Solutions Enabler
108,Jennifer Brown,bryantluis@example.org,user,Data Science,Senior Software Engineer
109,Jordan Rios,marisacook@example.org,user,Full-Stack,Senior Software Engineer
110,Alexander Wilson,mcampbell@example.net,user,Testing,Principal Architect
111,Brian Morales,kyle35@example.net,user,Consultancy,Intern
112,Amy Parks,karenkaiser@example.com,user,Full-Stack,Solutions Enabler
113,Kayla Berry,kathrynwalker@example.org,user,Full-Stack,Principal Architect
114,Kathleen Walsh,johnbrown@example.org,user,Full-Stack,Solutions Architect
115,Craig Ortega,eddie63@example.org,user,Testing,Intern
116,Karen White,pattersonraymond@example.net,user,Data Science,Principal Architect
117,Chris Ford,jesse87@example.com,user,Data Science,Intern
118,Jordan Daniels,carolinesmith@example.net,user,Data Engineering,Solutions Consultant
119,Nicole Gomez,jason56@example.net,user,Devops,Solutions Architect
120,Michael Smith,tylerpowell@example.org,user,Data Science,Intern
121,Yvette Moon,rebeccapowers@example.com,user,Devops,Solutions Architect
122,Patrick Chandler,mullinsdennis@example.net,user,Data Science,Principal Architect
123,David Acosta,sydney88@example.net,user,Full-Stack,Solutions Architect
124,Amanda Atkinson,nicole21@example.net,user,Data Science,Solutions Enabler
125,Amy Martinez,kaufmanthomas@example.com,user,Consultancy,Principal Architect
126,Eric Lewis,lross@example.com,user,Consultancy,Project Manager
127,Wendy Miller,pblackburn@example.com,user,Data Engineering,Principal Architect
128,Jacob Weiss,nicolesmith@example.org,user,Data Science,Solutions Enabler
129,Angela Sheppard,mshepard@example.net,user,Consultancy,Intern
130,Isaac Christian,ytorres@example.org,user,Data Engineering,Software Engineer
131,Andrew Macias,usnyder@example.net,user,Devops,Software Engineer
132,Adam Garrison,luissimmons@example.net,user,Data Science,Senior Software Engineer
133,Emma Maldonado,johnstonphilip@example.org,user,Data Science,Senior Software Engineer
134,Valerie Pham,oliviareynolds@example.net,user,Full-Stack,Senior Software Engineer
135,Laurie Harrison,rfitzpatrick@example.com,user,Testing,Senior Software Engineer
136,William Jones,nataliebell@example.com,user,Data Engineering,Solutions Consultant
137,Rita George,cjohnson@example.org,user,Devops,Solutions Enabler
138,Mr. Earl Garcia,rross@example.org,user,Devops,Principal Architect
139,Sandra Zamora,richard34@example.com,user,Consultancy,Solutions Architect
140,Christopher Jackson,jessicamarsh@example.net,user,Testing,Principal Architect
141,Erin Walsh,rojasvincent@example.com,user,Consultancy,Software Engineer
142,Amanda Lee,salazarshannon@example.com,user,Data Science,Project Manager
143,Ashley Mcdaniel,simonshannon@example.org,user,Full-Stack,Project Manager
144,Ashley Harris,stevenking@example.org,user,Devops,Software Engineer
145,Julie Davis,nancy01@example.net,user,Data Engineering,Solutions Enabler
146,April Spencer,elizabeth74@example.com,user,Devops,Software Engineer
147,Elizabeth Watkins,jerrynguyen@example.net,user,Testing,Project Manager
148,Eric Sandoval,christina49@example.org,user,Data Science,Solutions Enabler
149,Mr. Anthony Elliott,rebeccadavis@example.net,user,Data Engineering,Solutions Architect
150,Courtney Boyle,michael61@example.com,user,Testing,Principal Architect
151,Mark Harris,daniel74@example.com,user,Devops,Senior Software Engineer
152,Andrew Thompson,stevenhiggins@example.com,user,Full-Stack,Solutions Consultant
153,David Nguyen,ericbrown@example.org,user,Consultancy,Project Manager
154,Jennifer Ramirez,johnburton@example.org,user,Testing,Principal Architect
155,Hunter Williams,cartersarah@example.net,user,Consultancy,Senior Software Engineer
156,Kim Fox,charlesbanks@example.com,user,Devops,Senior Software Engineer
157,Kristie Ramirez,donnawhite@example.com,user,Full-Stack,Solutions Consultant
158,Ronald Anthony,gmichael@example.net,user,Data Science,Solutions Architect
159,Elizabeth Taylor,ewalker@example.com,user,Devops,Intern
160,Courtney May,joseph93@example.net,user,Data Engineering,Project Manager
161,Virginia Johnson,serranorussell@example.org,user,Data Engineering,Senior Software Engineer
162,Robert Coleman,john80@example.com,user,Data Science,Software Engineer
163,Brett Duncan,daniellecortez@example.net,user,Testing,Software Engineer
164,Danny Blackwell,cross@example.org,user,Testing,Solutions Consultant
165,Daniel Thomas,darlenehansen@example.com,user,Devops,Solutions Architect
166,Steven Jenkins,ambergross@example.com,user,Consultancy,Solutions Consultant
167,Amy Rivera,estradagabriel@example.net,user,Data Engineering,Solutions Enabler
168,Brian Leonard,rebeccawhite@example.com,user,Consultancy,Principal Architect
169,Sara Gonzales,woodsmegan@example.com,user,Devops,Intern
170,Tasha Hogan,lbennett@example.com,user,Testing,Intern
171,Daniel Porter,cynthia99@example.org,user,Data Engineering,Solutions Consultant
172,James Smith,medinajennifer@example.org,user,Data Engineering,Project Manager
173,Kara Hart,uowens@example.org,user,Consultancy,Intern
174,Lauren Briggs,hbrooks@example.com,user,Testing,Software Engineer
175,Justin Lee,ericaadams@example.net,user,Full-Stack,Intern
176,Nathan Patel,albertmoore@example.com,user,Data Engineering,Principal Architect
177,Kevin Barber,evankelly@example.org,user,Data Science,Solutions Enabler
178,Donna Brown,michelle13@example.org,user,Consultancy,Principal Architect
179,Mrs. Annette Cross,martinezheather@example.com,user,Testing,Principal Architect
180,Courtney Griffin,renee16@example.com,user,Full-Stack,Solutions Enabler
181,Courtney Morales,pmoss@example.net,user,Devops,Software Engineer
182,Heidi Blair,beverlycarroll@example.net,user,Data Engineering,Intern
183,Lisa Martinez,kaylagriffith@example.com,user,Data Engineering,Solutions Consultant
184,Rhonda Martin,karlnewman@example.com,user,Testing,Software Engineer
185,Randy Edwards,george92@example.org,user,Data Science,Intern
186,Kim Moore,ecain@example.org,user,Testing,Project Manager
187,Michael Blake,acook@example.com,user,Devops,Principal Architect
188,Julie Davis,campbellpatrick@example.com,user,Full-Stack,Solutions Enabler
189,Katrina James,todd28@example.org,user,Data Science,Principal Architect
190,Dr. Robert Adams,luis10@example.org,user,Testing,Intern
191,Tara Taylor,robertmartin@example.org,user,Full-Stack,Principal Architect
192,Samantha Short,jennifer58@example.com,user,Devops,Principal Architect
193,Michele Marsh,angela21@example.net,user,Data Engineering,Solutions Architect
194,Frank Nguyen,christophersoto@example.org,user,Full-Stack,Principal Architect
195,Jessica Kelly,hscott@example.net,user,Data Science,Principal Architect
196,Darren Cooper,myang@example.net,user,Data Engineering,Principal Architect
197,Joshua Willis,hlee@example.net,user,Consultancy,Solutions Enabler
198,Andrew Liu,jessica67@example.org,user,Full-Stack,Senior Software Engineer
199,Darlene Lewis,linda42@example.org,user,Data Science,Solutions Consultant
200,Leah Townsend,turnermarie@example.net,user,Data Engineering,Solutions Enabler
