userId,name,email,password,role,department,designation
1,Connie Cox,skinnermary@example.org,&v77IkGSUk,user,Consultancy,Software Engineer
2,Debra Bishop,patriciagarcia@example.com,+EnslJueY7,user,Data Engineering,Project Manager
3,Colleen Davis,owenscourtney@example.com,40eRxEbu(),user,Data Engineering,Senior Software Engineer
4,Monica Fuentes,williamlopez@example.net,&33XkfWyPB,user,Data Science,Senior Software Engineer
5,Patricia Aguilar,hdennis@example.org,)^89V1wxK_,user,Full-Stack,Solutions Enabler
6,Misty Richardson,amandanixon@example.com,!#9BXpGkxF,user,Consultancy,Solutions Consultant
7,Theresa Dunlap,greenstephanie@example.net,%wTNsWp34$,user,Consultancy,Software Engineer
8,Brandi Hernandez,jacobsonadam@example.com,G*ijpHnK#2,user,Data Science,Principal Architect
9,Alexa Lee,mweaver@example.org,^3T*Mw8tzz,user,Data Science,Solutions Enabler
10,Brent Mayer,smithcraig@example.org,S47UVimd%9,user,Testing,Principal Architect
11,Michael Taylor,pguzman@example.net,K71ZUt2g+^,user,Full-Stack,Intern
12,Patricia Khan,denise50@example.com,kmGKPKMr@7,user,Testing,Solutions Enabler
13,Nicholas Long,adamsmichelle@example.org,93$MxLvG+g,user,Full-Stack,Senior Software Engineer
14,Brenda Cooley,deanna41@example.com,!p5OG34FQ^,user,Devops,Project Manager
15,Dr. Bryan Lucas,ybarnes@example.net,)8yQDMeY04,user,Full-Stack,Senior Software Engineer
16,Heather Graham,jamesthompson@example.net,oW96K7fk(+,user,Full-Stack,Solutions Enabler
17,Amanda Johnson,rosborn@example.net,H2BPmz(f)7,user,Data Science,Senior Software Engineer
18,Michael Sampson,johndunn@example.com,l4ZMvzdP$r,user,Devops,Solutions Architect
19,Craig Torres,cooknicole@example.com,v^82SMj2hh,user,Full-Stack,Solutions Architect
20,Colleen Middleton,mmorales@example.org,8(n0giLipK,user,Full-Stack,Solutions Consultant
21,Desiree Castro,dyerhannah@example.com,*9BDWJUaaL,user,Devops,Intern
22,Adam Waters,linda38@example.net,!t)4Ak90#R,user,Devops,Senior Software Engineer
23,Margaret Torres,shawthomas@example.net,hBDPI8Ah%6,user,Data Science,Solutions Architect
24,Grant Ochoa,ruizrebekah@example.com,+ZMDJwPO(6,user,Testing,Solutions Enabler
25,Dr. Megan Benton MD,carlosstafford@example.org,Eq_Nu!qL$0,user,Data Engineering,Principal Architect
26,Ryan Wright,mike70@example.com,T^e7tTe3po,user,Devops,Solutions Architect
27,Jeffrey Smith,johngeorge@example.org,#a)q1UsI%Q,user,Devops,Solutions Architect
28,Jordan Davis,allison95@example.org,_fIh0P6r$8,user,Devops,Project Manager
29,Javier Perez,paynesuzanne@example.org,6*FsdUbP_S,user,Testing,Software Engineer
30,Amber Turner,ashley23@example.org,#5iRHI0lTZ,user,Full-Stack,Solutions Architect
31,Angela Hutchinson,austin56@example.com,6S+7OW8gMO,user,Full-Stack,Project Manager
32,Troy Owens,martinezalexandra@example.com,S3RuB0Cx@Q,user,Devops,Software Engineer
33,Patricia Craig,jacob10@example.net,jcdBJz&4$6,user,Testing,Principal Architect
34,Gary Baldwin,janecarpenter@example.org,X@j0De0wt0,user,Testing,Software Engineer
35,Nancy Thomas,lunamichele@example.net,#aDSYA8H_9,user,Data Engineering,Principal Architect
36,Michelle Brown,amber11@example.com,4up7TCtk)o,user,Consultancy,Software Engineer
37,Katherine Davis,evan80@example.com,#0*VCxkNy9,user,Consultancy,Project Manager
38,Stephen Heath,jodi37@example.org,7rU0TCua_&,user,Full-Stack,Solutions Architect
39,Robert Smith,margaret55@example.org,_7hc*AkXOc,user,Full-Stack,Principal Architect
40,Erika Jackson,jean62@example.org,*&FvU3ND@7,user,Devops,Principal Architect
41,Theresa Brady,smithrobert@example.org,l2KiRrUS*p,user,Devops,Solutions Architect
42,William Clark PhD,qbrown@example.org,%D%zQxto86,user,Data Engineering,Senior Software Engineer
43,Mark Johnson,allenmelissa@example.com,mO5SCXSc%8,user,Data Science,Project Manager
44,Maria Blevins,lisawarren@example.org,897&1SqW^O,user,Data Science,Principal Architect
45,Marisa Holmes,gailpeters@example.com,)4W8^b6ts@,user,Testing,Software Engineer
46,Lindsey Garcia,grahamkimberly@example.com,y*6mHM5mHd,user,Full-Stack,Intern
47,Mrs. Theresa Jones DDS,egray@example.com,I0HL_hV%_w,user,Devops,Solutions Architect
48,Matthew Brown,wattseric@example.net,1EQ@5rDy@1,user,Testing,Solutions Architect
49,John Obrien,virginia09@example.net,YD79Cret#^,user,Data Engineering,Project Manager
50,Victor Vasquez,brandon60@example.com,#5Zr4Wtt8e,user,Devops,Solutions Enabler
51,Daniel Sullivan,daviskristi@example.com,^2V*X%6u*D,user,Data Engineering,Solutions Consultant
52,Jennifer Williams,elarson@example.net,5)64I_n$ru,user,Devops,Senior Software Engineer
53,Travis Smith,tiffanylee@example.com,6rR3GadH)e,user,Devops,Senior Software Engineer
54,Heather Lee,kevinrangel@example.com,N$Q7W7Gu6E,user,Devops,Solutions Enabler
55,Vanessa Bennett,christopher32@example.net,#6rKfl0mH8,user,Data Engineering,Solutions Consultant
56,Sarah Johnson,carrolljustin@example.org,I45JhGyt+1,user,Data Science,Solutions Consultant
57,Norma Pace,sergiocook@example.com,%ZXN!2AhP9,user,Testing,Intern
58,Michael Ball,evan35@example.com,DQf5wR+jd!,user,Data Engineering,Senior Software Engineer
59,Timothy Meyer,nancy06@example.net,&+!9jKVm+1,user,Testing,Principal Architect
60,Bonnie Garcia MD,gonzalesanne@example.net,(Ls1dRq5*P,user,Full-Stack,Project Manager
61,Timothy Rodriguez,frankdiana@example.net,l95Tvt#1&l,user,Data Engineering,Solutions Enabler
62,Mary Butler,rholder@example.com,@#oc&xFc$6,user,Devops,Solutions Architect
63,Brian Bowers,herringeric@example.net,)lQ5V+8dNQ,user,Full-Stack,Intern
64,Matthew Garcia,xjones@example.net,B0KQxbtc)X,user,Testing,Senior Software Engineer
65,Carol Wood,frazierdanielle@example.org,P*11Bu9cjk,user,Consultancy,Solutions Consultant
66,Rebecca Bell,preid@example.org,1Cc3G6pxU@,user,Consultancy,Solutions Consultant
67,Jennifer Welch,saramoore@example.org,9*24BHex!M,user,Consultancy,Solutions Consultant
68,Anthony Walton,amorales@example.net,^4hW@MNLvz,user,Data Engineering,Senior Software Engineer
69,Tina Lutz,robertsmeagan@example.net,5r7iivNbA!,user,Data Engineering,Solutions Architect
70,Mark King,rushjoseph@example.com,Zb6N9(zl+!,user,Full-Stack,Intern
71,Mr. Jack Holland,bernarddaniel@example.com,g4Pe$Dam_&,user,Consultancy,Principal Architect
72,Steven Smith,gregory77@example.net,)2(rOQqhwj,user,Full-Stack,Solutions Consultant
73,Kenneth Hernandez,michaellewis@example.org,^22NYMgq%X,user,Full-Stack,Solutions Enabler
74,Elizabeth Henderson,ryanhuang@example.com,kPqC%fjO+6,user,Consultancy,Principal Architect
75,Justin Sexton,hcastro@example.org,^QQTi6RyQh,user,Devops,Solutions Consultant
76,Jennifer Mason,christina81@example.org,+b7OPz961O,user,Data Engineering,Senior Software Engineer
77,Nina Hunt,russellkeith@example.com,^l6kqCwEtT,user,Data Engineering,Solutions Architect
78,Rhonda Lopez,esanders@example.com,%igghRawI0,user,Devops,Solutions Architect
79,Jennifer Glass,gonzalezkelly@example.net,ph5XAjsxV^,user,Devops,Intern
80,Amanda Mitchell,debrajensen@example.org,t1wyxQL@_g,user,Data Science,Project Manager
81,Christine Choi,keith55@example.com,4$2lZoh$Vu,user,Data Engineering,Principal Architect
82,Cassandra Russell,sramirez@example.org,jyqK2Dke#9,user,Data Engineering,Project Manager
83,Andrea Dominguez,brian41@example.net,PQ_e6MVezn,user,Data Science,Principal Architect
84,Dorothy Bell,kayla38@example.com,!@!33^RnUE,user,Data Engineering,Principal Architect
85,Shannon Bright,kylepeterson@example.net,B%j1^*m7xJ,user,Consultancy,Project Manager
86,Ian Olson,angeladiaz@example.net,Be1Ohnni(T,user,Testing,Solutions Architect
87,Daniel Thomas,harrisrobert@example.net,4^b_2ObQAt,user,Data Science,Intern
88,Sara Delgado,nboyd@example.com,bY_G08Xe5R,user,Testing,Principal Architect
89,Heather Simon,hendersoncynthia@example.org,eq&Zz7BoaW,user,Data Science,Senior Software Engineer
90,Holly Hill,kendrastewart@example.net,2SY2mt)4+l,user,Consultancy,Solutions Architect
91,Erica Lam,michael71@example.net,2)NQ1Ada(D,user,Consultancy,Software Engineer
92,Daniel White,hamiltongabriel@example.com,X8NV4yJue#,user,Devops,Solutions Consultant
93,Patrick Stephens,lori15@example.com,%vEv4%IqkU,user,Data Engineering,Senior Software Engineer
94,Derek Gill,wandaking@example.com,5*9LRBnzff,user,Devops,Intern
95,William Mclaughlin,qtaylor@example.net,5&i04qBufl,user,Devops,Senior Software Engineer
96,Morgan Wilson,charlesjones@example.net,*zW5#fF7d1,user,Data Engineering,Project Manager
97,Terry Gomez,matthewfernandez@example.org,1Z3Eare!I(,user,Devops,Software Engineer
98,Benjamin Wallace,amandawallace@example.net,)$hs77JxQk,user,Data Engineering,Senior Software Engineer
99,Darrell Phillips,jennifertaylor@example.net,$s)Pvq9#3b,user,Full-Stack,Senior Software Engineer
100,Kimberly Melton,claytonbenton@example.net,!i9MAs4kZ@,user,Devops,Project Manager
101,George Edwards,brentmorales@example.com,+bAI#siUL2,user,Full-Stack,Software Engineer
102,Jennifer Dennis,jgoodman@example.org,p7Nma7ax#a,user,Data Engineering,Intern
103,Ryan Cox,stephenhall@example.com,1G)b5P5v&D,user,Data Engineering,Software Engineer
104,Jared Burns,richardroberts@example.com,By0UGoEFR$,user,Devops,Principal Architect
105,Michele Marquez,franklinalvarado@example.com,Y@c6N9X^6l,user,Consultancy,Solutions Enabler
106,Jason Thomas,awashington@example.org,^JL1R*5(4s,user,Full-Stack,Intern
107,Stephanie Moore,eileencaldwell@example.com,#AqPMvRm0_,user,Testing,Solutions Enabler
108,Jennifer Brown,bryantluis@example.org,y9WkAKxC(l,user,Data Science,Senior Software Engineer
109,Jordan Rios,marisacook@example.org,1O@0GGrU1^,user,Full-Stack,Senior Software Engineer
110,Alexander Wilson,mcampbell@example.net,*Rs8Iei0J2,user,Testing,Principal Architect
111,Brian Morales,kyle35@example.net,K8Hzfi%W!v,user,Consultancy,Intern
112,Amy Parks,karenkaiser@example.com,22AIY&jC@S,user,Full-Stack,Solutions Enabler
113,Kayla Berry,kathrynwalker@example.org,#2OJ#qk6V!,user,Full-Stack,Principal Architect
114,Kathleen Walsh,johnbrown@example.org,(dZ5GalU!*,user,Full-Stack,Solutions Architect
115,Craig Ortega,eddie63@example.org,_PKG8RvmhX,user,Testing,Intern
116,Karen White,pattersonraymond@example.net,k2+L8rXK&I,user,Data Science,Principal Architect
117,Chris Ford,jesse87@example.com,q47eEMuc$+,user,Data Science,Intern
118,Jordan Daniels,carolinesmith@example.net,*a7Zy(N**k,user,Data Engineering,Solutions Consultant
119,Nicole Gomez,jason56@example.net,t0JAjXKr^N,user,Devops,Solutions Architect
120,Michael Smith,tylerpowell@example.org,UC0PeQEo$q,user,Data Science,Intern
121,Yvette Moon,rebeccapowers@example.com,A_6YemKxR0,user,Devops,Solutions Architect
122,Patrick Chandler,mullinsdennis@example.net,B#(44V3hq&,user,Data Science,Principal Architect
123,David Acosta,sydney88@example.net,qJy2wDnhh+,user,Full-Stack,Solutions Architect
124,Amanda Atkinson,nicole21@example.net,&R#5Yi*k!e,user,Data Science,Solutions Enabler
125,Amy Martinez,kaufmanthomas@example.com,p(5Mj(fJGY,user,Consultancy,Principal Architect
126,Eric Lewis,lross@example.com,%d2B0YwBv*,user,Consultancy,Project Manager
127,Wendy Miller,pblackburn@example.com,_N$FOhakv6,user,Data Engineering,Principal Architect
128,Jacob Weiss,nicolesmith@example.org,v7jHxCUN*P,user,Data Science,Solutions Enabler
129,Angela Sheppard,mshepard@example.net,RLGa7XnaV!,user,Consultancy,Intern
130,Isaac Christian,ytorres@example.org,66WUjyy2$Z,user,Data Engineering,Software Engineer
131,Andrew Macias,usnyder@example.net,$viNBhHtn7,user,Devops,Software Engineer
132,Adam Garrison,luissimmons@example.net,*8#lO&y@6g,user,Data Science,Senior Software Engineer
133,Emma Maldonado,johnstonphilip@example.org,vUcQD6meY!,user,Data Science,Senior Software Engineer
134,Valerie Pham,oliviareynolds@example.net,8pMa%fbo%5,user,Full-Stack,Senior Software Engineer
135,Laurie Harrison,rfitzpatrick@example.com,Q49Jzi2x$a,user,Testing,Senior Software Engineer
136,William Jones,nataliebell@example.com,C)X#9IdpP(,user,Data Engineering,Solutions Consultant
137,Rita George,cjohnson@example.org,e*N72jYwI6,user,Devops,Solutions Enabler
138,Mr. Earl Garcia,rross@example.org,p&J0DY(hmS,user,Devops,Principal Architect
139,Sandra Zamora,richard34@example.com,%4NEgt_2Sr,user,Consultancy,Solutions Architect
140,Christopher Jackson,jessicamarsh@example.net,aVEE9A_g)(,user,Testing,Principal Architect
141,Erin Walsh,rojasvincent@example.com,%1IAqLU&rr,user,Consultancy,Software Engineer
142,Amanda Lee,salazarshannon@example.com,F^&2xBUyzn,user,Data Science,Project Manager
143,Ashley Mcdaniel,simonshannon@example.org,&0&(*6Fk$s,user,Full-Stack,Project Manager
144,Ashley Harris,stevenking@example.org,Fc%^4gRtpH,user,Devops,Software Engineer
145,Julie Davis,nancy01@example.net,5w^!kRlH@5,user,Data Engineering,Solutions Enabler
146,April Spencer,elizabeth74@example.com,j)B*6qKRMb,user,Devops,Software Engineer
147,Elizabeth Watkins,jerrynguyen@example.net,HAOgP)cc$5,user,Testing,Project Manager
148,Eric Sandoval,christina49@example.org,(rCBebU+i7,user,Data Science,Solutions Enabler
149,Mr. Anthony Elliott,rebeccadavis@example.net,(ZiVrnSL6y,user,Data Engineering,Solutions Architect
150,Courtney Boyle,michael61@example.com,@J56Z8i@u7,user,Testing,Principal Architect
151,Mark Harris,daniel74@example.com,Jw2H1hF4c&,user,Devops,Senior Software Engineer
152,Andrew Thompson,stevenhiggins@example.com,r8QNBPyO__,user,Full-Stack,Solutions Consultant
153,David Nguyen,ericbrown@example.org,)618EA_qWV,user,Consultancy,Project Manager
154,Jennifer Ramirez,johnburton@example.org,O(9vRhOMF#,user,Testing,Principal Architect
155,Hunter Williams,cartersarah@example.net,py+27yThod,user,Consultancy,Senior Software Engineer
156,Kim Fox,charlesbanks@example.com,m5kBChYW%9,user,Devops,Senior Software Engineer
157,Kristie Ramirez,donnawhite@example.com,#yT$0NY+*0,user,Full-Stack,Solutions Consultant
158,Ronald Anthony,gmichael@example.net,YH14BUnVL*,user,Data Science,Solutions Architect
159,Elizabeth Taylor,ewalker@example.com,*0dTmiy5V1,user,Devops,Intern
160,Courtney May,joseph93@example.net,+77R71gyQd,user,Data Engineering,Project Manager
161,Virginia Johnson,serranorussell@example.org,i0H1Wtoz(T,user,Data Engineering,Senior Software Engineer
162,Robert Coleman,john80@example.com,_I8@3YlNwP,user,Data Science,Software Engineer
163,Brett Duncan,daniellecortez@example.net,4N7oVezoq$,user,Testing,Software Engineer
164,Danny Blackwell,cross@example.org,%h7YCVsCGC,user,Testing,Solutions Consultant
165,Daniel Thomas,darlenehansen@example.com,5DuHKua+)1,user,Devops,Solutions Architect
166,Steven Jenkins,ambergross@example.com,l!4Z5ePD%s,user,Consultancy,Solutions Consultant
167,Amy Rivera,estradagabriel@example.net,SRNykn)_^9,user,Data Engineering,Solutions Enabler
168,Brian Leonard,rebeccawhite@example.com,_SWpzCx8C2,user,Consultancy,Principal Architect
169,Sara Gonzales,woodsmegan@example.com,f6Xnqbak^d,user,Devops,Intern
170,Tasha Hogan,lbennett@example.com,xabJMRCP^0,user,Testing,Intern
171,Daniel Porter,cynthia99@example.org,mJ_10LHv&B,user,Data Engineering,Solutions Consultant
172,James Smith,medinajennifer@example.org,%b8K7l!UA_,user,Data Engineering,Project Manager
173,Kara Hart,uowens@example.org,q8ZULwAV@j,user,Consultancy,Intern
174,Lauren Briggs,hbrooks@example.com,$4dSD*(vpd,user,Testing,Software Engineer
175,Justin Lee,ericaadams@example.net,*xJ3PmqYqM,user,Full-Stack,Intern
176,Nathan Patel,albertmoore@example.com,+eKUHok!Z9,user,Data Engineering,Principal Architect
177,Kevin Barber,evankelly@example.org,$Z1ZcHkKG!,user,Data Science,Solutions Enabler
178,Donna Brown,michelle13@example.org,^yO8VFtLmK,user,Consultancy,Principal Architect
179,Mrs. Annette Cross,martinezheather@example.com,*joQS$Y3#4,user,Testing,Principal Architect
180,Courtney Griffin,renee16@example.com,+U8FFwUh)),user,Full-Stack,Solutions Enabler
181,Courtney Morales,pmoss@example.net,uI7B7KytF_,user,Devops,Software Engineer
182,Heidi Blair,beverlycarroll@example.net,X#LU2G1f_0,user,Data Engineering,Intern
183,Lisa Martinez,kaylagriffith@example.com,6cK7RUirs$,user,Data Engineering,Solutions Consultant
184,Rhonda Martin,karlnewman@example.com,LKE+1SmS^%,user,Testing,Software Engineer
185,Randy Edwards,george92@example.org,dgtG6EKi@X,user,Data Science,Intern
186,Kim Moore,ecain@example.org,!Jt6c7Tw@!,user,Testing,Project Manager
187,Michael Blake,acook@example.com,D4DSe4@x(6,user,Devops,Principal Architect
188,Julie Davis,campbellpatrick@example.com,2aDzUSJh!(,user,Full-Stack,Solutions Enabler
189,Katrina James,todd28@example.org,Bq(M$pV0+2,user,Data Science,Principal Architect
190,Dr. Robert Adams,luis10@example.org,^1(^Hi%ID(,user,Testing,Intern
191,Tara Taylor,robertmartin@example.org,td)Wwj%E&2,user,Full-Stack,Principal Architect
192,Samantha Short,jennifer58@example.com,L*u@9yHfz&,user,Devops,Principal Architect
193,Michele Marsh,angela21@example.net,#j)Y09Kk8F,user,Data Engineering,Solutions Architect
194,Frank Nguyen,christophersoto@example.org,J^0NHJgpW_,user,Full-Stack,Principal Architect
195,Jessica Kelly,hscott@example.net,818ziHWk_^,user,Data Science,Principal Architect
196,Darren Cooper,myang@example.net,bKOc5Tw*O!,user,Data Engineering,Principal Architect
197,Joshua Willis,hlee@example.net,fVs0BZkd@Z,user,Consultancy,Solutions Enabler
198,Andrew Liu,jessica67@example.org,)f1DUsjJQv,user,Full-Stack,Senior Software Engineer
199,Darlene Lewis,linda42@example.org,LL0)&uQv%S,user,Data Science,Solutions Consultant
200,Leah Townsend,turnermarie@example.net,&t7EvVtb$(,user,Data Engineering,Solutions Enabler
